Workbook

Sheet eve práctico
A1: Make | B1: Electric Vehicle Type | C1: Clean Alternative Fuel Vehicle (CAFV) Eligibility
A2: TESLA | B2: Battery Electric Vehicle (BEV) | C2: Clean Alternative Fuel Vehicle Eligible | H2: MTE
A3: NISSAN | B3: Battery Electric Vehicle (BEV) | C3: Clean Alternative Fuel Vehicle Eligible | H3: MET
A4: JEEP | B4: Plug-in Hybrid Electric Vehicle (PHEV) | C4: Not eligible due to low battery range | H4: ETM
A5: AUDI | B5: Plug-in Hybrid Electric Vehicle (PHEV) | C5: Not eligible due to low battery range | H5: EMT
A6: NISSAN | B6: Battery Electric Vehicle (BEV) | C6: Clean Alternative Fuel Vehicle Eligible | H6: TEM
A7: VOLVO | B7: Plug-in Hybrid Electric Vehicle (PHEV) | C7: Clean Alternative Fuel Vehicle Eligible | H7: TME
A8: CHEVROLET | B8: Plug-in Hybrid Electric Vehicle (PHEV) | C8: Clean Alternative Fuel Vehicle Eligible
A9: TESLA | B9: Battery Electric Vehicle (BEV) | C9: Clean Alternative Fuel Vehicle Eligible | H9: MTE
A10: VOLVO | B10: Plug-in Hybrid Electric Vehicle (PHEV) | C10: Not eligible due to low battery range | O10: MET
A11: TESLA | B11: Battery Electric Vehicle (BEV) | C11: Clean Alternative Fuel Vehicle Eligible | H11: M: | I11: Frecuencia ABS | J11: Frecuencia Rel | K11: Entropía | M11: Entropía de este árbol: | O11: M: | P11: Frecuencia ABS | Q11: Frecuencia Rel | R11: Entropía | T11: Entropía de este árbol
A12: TESLA | B12: Battery Electric Vehicle (BEV) | C12: Clean Alternative Fuel Vehicle Eligible | E12: AUDI | H12: =_xlfn.CONCAT($H$11,'Datos auxiliares'!A2) -> M:AUDI | I12: =COUNTIF(Tabla2[Make],SUBSTITUTE(H12,$H$11,"")) -> 4 | J12: =I12 / $I$27 -> 0.04 | K12: =-LOG10(J12) * J12 -> 0.0559176 | M12: =K27 -> 0.93273558 | O12: =_xlfn.CONCAT($O$11, E12) -> M:AUDI | P12: =COUNTIF(Tabla2[Make],SUBSTITUTE(O12,$O$11,"")) -> 4 | Q12: =P12 / $P$27 -> 0.04 | R12: =-LOG10(Q12) * J12 -> 0.0559176 | T12: =R27 -> 0.93273558
A13: JEEP | B13: Plug-in Hybrid Electric Vehicle (PHEV) | C13: Not eligible due to low battery range | E13: BMW | H13: =_xlfn.CONCAT($H$11,'Datos auxiliares'!A3) -> M:BMW | I13: =COUNTIF(Tabla2[Make],SUBSTITUTE(H13,$H$11,"")) -> 16 | J13: =I13 / $I$27 -> 0.16 | K13: =-LOG10(J13) * J13 -> 0.1273408 | O13: =_xlfn.CONCAT($O$11, E13) -> M:BMW | P13: =COUNTIF(Tabla2[Make],SUBSTITUTE(O13,$O$11,"")) -> 16 | Q13: =P13 / $P$27 -> 0.16 | R13: =-LOG10(Q13) * J13 -> 0.1273408
A14: FIAT | B14: Battery Electric Vehicle (BEV) | C14: Clean Alternative Fuel Vehicle Eligible | E14: CADILLAC | H14: =_xlfn.CONCAT($H$11,'Datos auxiliares'!A4) -> M:CADILLAC | I14: =COUNTIF(Tabla2[Make],SUBSTITUTE(H14,$H$11,"")) -> 1 | J14: =I14 / $I$27 -> 0.01 | K14: =-LOG10(J14) * J14 -> 0.02 | O14: =_xlfn.CONCAT($O$11, E14) -> M:CADILLAC | P14: =COUNTIF(Tabla2[Make],SUBSTITUTE(O14,$O$11,"")) -> 1 | Q14: =P14 / $P$27 -> 0.01 | R14: =-LOG10(Q14) * J14 -> 0.02
A15: TESLA | B15: Battery Electric Vehicle (BEV) | C15: Clean Alternative Fuel Vehicle Eligible | E15: CHEVROLET | H15: =_xlfn.CONCAT($H$11,'Datos auxiliares'!A5) -> M:CHEVROLET | I15: =COUNTIF(Tabla2[Make],SUBSTITUTE(H15,$H$11,"")) -> 5 | J15: =I15 / $I$27 -> 0.05 | K15: =-LOG10(J15) * J15 -> 0.0650515 | O15: =_xlfn.CONCAT($O$11, E15) -> M:CHEVROLET | P15: =COUNTIF(Tabla2[Make],SUBSTITUTE(O15,$O$11,"")) -> 5 | Q15: =P15 / $P$27 -> 0.05 | R15: =-LOG10(Q15) * J15 -> 0.0650515
A16: TESLA | B16: Battery Electric Vehicle (BEV) | C16: Clean Alternative Fuel Vehicle Eligible | E16: FIAT | H16: =_xlfn.CONCAT($H$11,'Datos auxiliares'!A6) -> M:FIAT | I16: =COUNTIF(Tabla2[Make],SUBSTITUTE(H16,$H$11,"")) -> 2 | J16: =I16 / $I$27 -> 0.02 | K16: =-LOG10(J16) * J16 -> 0.0339794 | O16: =_xlfn.CONCAT($O$11, E16) -> M:FIAT | P16: =COUNTIF(Tabla2[Make],SUBSTITUTE(O16,$O$11,"")) -> 2 | Q16: =P16 / $P$27 -> 0.02 | R16: =-LOG10(Q16) * J16 -> 0.0339794
A17: KIA | B17: Battery Electric Vehicle (BEV) | C17: Clean Alternative Fuel Vehicle Eligible | E17: FORD | H17: =_xlfn.CONCAT($H$11,'Datos auxiliares'!A7) -> M:FORD | I17: =COUNTIF(Tabla2[Make],SUBSTITUTE(H17,$H$11,"")) -> 2 | J17: =I17 / $I$27 -> 0.02 | K17: =-LOG10(J17) * J17 -> 0.0339794 | O17: =_xlfn.CONCAT($O$11, E17) -> M:FORD | P17: =COUNTIF(Tabla2[Make],SUBSTITUTE(O17,$O$11,"")) -> 2 | Q17: =P17 / $P$27 -> 0.02 | R17: =-LOG10(Q17) * J17 -> 0.0339794
A18: NISSAN | B18: Battery Electric Vehicle (BEV) | C18: Clean Alternative Fuel Vehicle Eligible | E18: HYUNDAI | H18: =_xlfn.CONCAT($H$11,'Datos auxiliares'!A8) -> M:HYUNDAI | I18: =COUNTIF(Tabla2[Make],SUBSTITUTE(H18,$H$11,"")) -> 1 | J18: =I18 / $I$27 -> 0.01 | K18: =-LOG10(J18) * J18 -> 0.02 | O18: =_xlfn.CONCAT($O$11, E18) -> M:HYUNDAI | P18: =COUNTIF(Tabla2[Make],SUBSTITUTE(O18,$O$11,"")) -> 1 | Q18: =P18 / $P$27 -> 0.01 | R18: =-LOG10(Q18) * J18 -> 0.02
A19: BMW | B19: Plug-in Hybrid Electric Vehicle (PHEV) | C19: Not eligible due to low battery range | E19: JEEP | H19: =_xlfn.CONCAT($H$11,'Datos auxiliares'!A9) -> M:JEEP | I19: =COUNTIF(Tabla2[Make],SUBSTITUTE(H19,$H$11,"")) -> 4 | J19: =I19 / $I$27 -> 0.04 | K19: =-LOG10(J19) * J19 -> 0.0559176 | O19: =_xlfn.CONCAT($O$11, E19) -> M:JEEP | P19: =COUNTIF(Tabla2[Make],SUBSTITUTE(O19,$O$11,"")) -> 4 | Q19: =P19 / $P$27 -> 0.04 | R19: =-LOG10(Q19) * J19 -> 0.0559176
A20: VOLVO | B20: Plug-in Hybrid Electric Vehicle (PHEV) | C20: Clean Alternative Fuel Vehicle Eligible | E20: KIA | H20: =_xlfn.CONCAT($H$11,'Datos auxiliares'!A10) -> M:KIA | I20: =COUNTIF(Tabla2[Make],SUBSTITUTE(H20,$H$11,"")) -> 13 | J20: =I20 / $I$27 -> 0.13 | K20: =-LOG10(J20) * J20 -> 0.11518736 | O20: =_xlfn.CONCAT($O$11, E20) -> M:KIA | P20: =COUNTIF(Tabla2[Make],SUBSTITUTE(O20,$O$11,"")) -> 13 | Q20: =P20 / $P$27 -> 0.13 | R20: =-LOG10(Q20) * J20 -> 0.11518736
A21: BMW | B21: Plug-in Hybrid Electric Vehicle (PHEV) | C21: Clean Alternative Fuel Vehicle Eligible | E21: NISSAN | H21: =_xlfn.CONCAT($H$11,'Datos auxiliares'!A11) -> M:NISSAN | I21: =COUNTIF(Tabla2[Make],SUBSTITUTE(H21,$H$11,"")) -> 13 | J21: =I21 / $I$27 -> 0.13 | K21: =-LOG10(J21) * J21 -> 0.11518736 | O21: =_xlfn.CONCAT($O$11, E21) -> M:NISSAN | P21: =COUNTIF(Tabla2[Make],SUBSTITUTE(O21,$O$11,"")) -> 13 | Q21: =P21 / $P$27 -> 0.13 | R21: =-LOG10(Q21) * J21 -> 0.11518736
A22: TESLA | B22: Battery Electric Vehicle (BEV) | C22: Clean Alternative Fuel Vehicle Eligible | E22: POLESTAR | H22: =_xlfn.CONCAT($H$11,'Datos auxiliares'!A12) -> M:POLESTAR | I22: =COUNTIF(Tabla2[Make],SUBSTITUTE(H22,$H$11,"")) -> 1 | J22: =I22 / $I$27 -> 0.01 | K22: =-LOG10(J22) * J22 -> 0.02 | O22: =_xlfn.CONCAT($O$11, E22) -> M:POLESTAR | P22: =COUNTIF(Tabla2[Make],SUBSTITUTE(O22,$O$11,"")) -> 1 | Q22: =P22 / $P$27 -> 0.01 | R22: =-LOG10(Q22) * J22 -> 0.02
A23: NISSAN | B23: Battery Electric Vehicle (BEV) | C23: Clean Alternative Fuel Vehicle Eligible | E23: PORSCHE | H23: =_xlfn.CONCAT($H$11,'Datos auxiliares'!A13) -> M:PORSCHE | I23: =COUNTIF(Tabla2[Make],SUBSTITUTE(H23,$H$11,"")) -> 1 | J23: =I23 / $I$27 -> 0.01 | K23: =-LOG10(J23) * J23 -> 0.02 | O23: =_xlfn.CONCAT($O$11, E23) -> M:PORSCHE | P23: =COUNTIF(Tabla2[Make],SUBSTITUTE(O23,$O$11,"")) -> 1 | Q23: =P23 / $P$27 -> 0.01 | R23: =-LOG10(Q23) * J23 -> 0.02
A24: BMW | B24: Plug-in Hybrid Electric Vehicle (PHEV) | C24: Clean Alternative Fuel Vehicle Eligible | E24: TESLA | H24: =_xlfn.CONCAT($H$11,'Datos auxiliares'!A14) -> M:TESLA | I24: =COUNTIF(Tabla2[Make],SUBSTITUTE(H24,$H$11,"")) -> 30 | J24: =I24 / $I$27 -> 0.3 | K24: =-LOG10(J24) * J24 -> 0.15686362 | O24: =_xlfn.CONCAT($O$11, E24) -> M:TESLA | P24: =COUNTIF(Tabla2[Make],SUBSTITUTE(O24,$O$11,"")) -> 30 | Q24: =P24 / $P$27 -> 0.3 | R24: =-LOG10(Q24) * J24 -> 0.15686362
... A26: KIA | B26: Battery Electric Vehicle (BEV) | C26: Clean Alternative Fuel Vehicle Eligible | E26: VOLVO | H26: =_xlfn.CONCAT($H$11,'Datos auxiliares'!A16) -> M:VOLVO | I26: =COUNTIF(Tabla2[Make],SUBSTITUTE(H26,$H$11,"")) -> 6 | J26: =I26 / $I$27 -> 0.06 | K26: =-LOG10(J26) * J26 -> 0.073310925 | O26: =_xlfn.CONCAT($O$11, E26) -> M:VOLVO | P26: =COUNTIF(Tabla2[Make],SUBSTITUTE(O26,$O$11,"")) -> 6 | Q26: =P26 / $P$27 -> 0.06 | R26: =-LOG10(Q26) * J26 -> 0.073310925
A27: KIA | B27: Plug-in Hybrid Electric Vehicle (PHEV) | C27: Not eligible due to low battery range | I27: =SUM(I12:I26) -> 100 | J27: =SUM(J12:J26) -> 1 | K27: =SUM(K12:K26) -> 0.93273558 | P27: =SUM(P12:P26) -> 100 | Q27: 1 | R27: 0.93273558
A28: TESLA | B28: Battery Electric Vehicle (BEV) | C28: Eligibility unknown as battery range has not been researched
A29: KIA | B29: Battery Electric Vehicle (BEV) | C29: Clean Alternative Fuel Vehicle Eligible | H29: MT: | I29: Frecuencia ABS | J29: Frecuencia Rel | K29: Entropia | M29: Entropía de este árbol: | O29: ME:
A30: TESLA | B30: Battery Electric Vehicle (BEV) | C30: Eligibility unknown as battery range has not been researched | E30: AUDI | F30: B | H30: =_xlfn.CONCAT(_xlfn.CONCAT($H$29,'Datos auxiliares'!A2),"-B") -> MT:AUDI-B | I30: =COUNTIFS( Tabla2[Make], E30, Tabla2[Electric Vehicle Type], _xlfn.IFS(F30 = "B",'Datos auxiliares'!$B$2,F30 = "P",'Datos auxiliares'!$B$3)) -> 1 | J30: =I30 / $I$60 -> 0.01 | K30: =IFERROR(-LOG10(J30) * J30, "No hay Log de 0") -> 0.02 | M30: =K60 -> 0.0850515 | O30: =_xlfn.CONCAT($O$29, E12, "-", G63) -> ME:AUDI-C | P30: =COUNTIF( Tabla2[Make], SUBSTITUTE( SUBSTITUTE( SUBSTITUTE( SUBSTITUTE( SUBSTITUTE( SUBSTITUTE( SUBSTITUTE( SUBSTITUTE( SUBSTITUTE( SUBSTITUTE( SUBSTITUTE( SUBSTITUTE( SUBSTITUTE( SUBSTITUTE( SUBSTITUTE( SUBSTITUTE( SUBSTITUTE( SUBSTITUTE( SUBSTITUTE(O30,$O$29,""),"AUDI",""),"BMW",""),"CADILLAC",""),"CHEVROLET",""),"FIAT",""),"FORD",""),"HYUNDAI",""),"JEEP",""),"KIA",""),"NISSAN",""),"POLESTAR",""),"PORSCHE",""),"TESLA",""),"VOLKSWAGEN",""),"VOLVO",""),"-C",'Datos auxiliares'!$C$4),"-E",'Datos auxiliares'!$C$3),"-N",'Datos auxiliares'!$C$3) ) -> 0 | Q30: =SUBSTITUTE( SUBSTITUTE(O30, $O$29, ""),'Datos auxiliares'!A2:A16+'Datos auxiliares'!A2:A16,"") -> #VALUE!
A31: KIA | B31: Battery Electric Vehicle (BEV) | C31: Clean Alternative Fuel Vehicle Eligible | E31: AUDI | F31: P | H31: =_xlfn.CONCAT(_xlfn.CONCAT($H$29,'Datos auxiliares'!A2),"-P") -> MT:AUDI-P | I31: =COUNTIFS( Tabla2[Make], E31, Tabla2[Electric Vehicle Type], _xlfn.IFS(F31 = "B",'Datos auxiliares'!$B$2,F31 = "P",'Datos auxiliares'!$B$3)) -> 3 | J31: =I31 / $I$60 -> 0.03 | K31: =IFERROR(-LOG10(J31) * J31, "No hay Log de 0") -> 0.045686362 | O31: =_xlfn.CONCAT($O$29, E12, "-", G64) -> ME:AUDI-E | P31: =COUNTIF( Tabla2[Make], SUBSTITUTE( SUBSTITUTE( SUBSTITUTE( SUBSTITUTE( SUBSTITUTE( SUBSTITUTE( SUBSTITUTE( SUBSTITUTE( SUBSTITUTE( SUBSTITUTE( SUBSTITUTE( SUBSTITUTE( SUBSTITUTE( SUBSTITUTE( SUBSTITUTE( SUBSTITUTE( SUBSTITUTE( SUBSTITUTE( SUBSTITUTE(O31,$O$29,""),"AUDI",""),"BMW",""),"CADILLAC",""),"CHEVROLET",""),"FIAT",""),"FORD",""),"HYUNDAI",""),"JEEP",""),"KIA",""),"NISSAN",""),"POLESTAR",""),"PORSCHE",""),"TESLA",""),"VOLKSWAGEN",""),"VOLVO",""),"-C",'Datos auxiliares'!$C$4),"-E",'Datos auxiliares'!$C$3),"-N",'Datos auxiliares'!$C$3) ) -> 0
A32: NISSAN | B32: Battery Electric Vehicle (BEV) | C32: Clean Alternative Fuel Vehicle Eligible | E32: BMW | F32: B | H32: =_xlfn.CONCAT(_xlfn.CONCAT($H$29,'Datos auxiliares'!A3),"-B") -> MT:BMW-B | I32: =COUNTIFS( Tabla2[Make], E32, Tabla2[Electric Vehicle Type], _xlfn.IFS(F32 = "B",'Datos auxiliares'!$B$2,F32 = "P",'Datos auxiliares'!$B$3)) -> 3 | J32: =I32 / $I$60 -> 0.03 | K32: =IFERROR(-LOG10(J32) * J32, "No hay Log de 0") -> 0.045686362 | O32: =_xlfn.CONCAT($O$29, E12, "-", G65) -> ME:AUDI-N | P32: =COUNTIF( Tabla2[Make], SUBSTITUTE( SUBSTITUTE( SUBSTITUTE( SUBSTITUTE( SUBSTITUTE( SUBSTITUTE( SUBSTITUTE( SUBSTITUTE( SUBSTITUTE( SUBSTITUTE( SUBSTITUTE( SUBSTITUTE( SUBSTITUTE( SUBSTITUTE( SUBSTITUTE( SUBSTITUTE( SUBSTITUTE( SUBSTITUTE( SUBSTITUTE(O32,$O$29,""),"AUDI",""),"BMW",""),"CADILLAC",""),"CHEVROLET",""),"FIAT",""),"FORD",""),"HYUNDAI",""),"JEEP",""),"KIA",""),"NISSAN",""),"POLESTAR",""),"PORSCHE",""),"TESLA",""),"VOLKSWAGEN",""),"VOLVO",""),"-C",'Datos auxiliares'!$C$4),"-E",'Datos auxiliares'!$C$3),"-N",'Datos auxiliares'!$C$3) ) -> 0
A33: TESLA | B33: Battery Electric Vehicle (BEV) | C33: Clean Alternative Fuel Vehicle Eligible | E33: BMW | F33: P | H33: =_xlfn.CONCAT(_xlfn.CONCAT($H$29,'Datos auxiliares'!A3),"-P") -> MT:BMW-P | I33: =COUNTIFS( Tabla2[Make], E33, Tabla2[Electric Vehicle Type], _xlfn.IFS(F33 = "B",'Datos auxiliares'!$B$2,F33 = "P",'Datos auxiliares'!$B$3)) -> 13 | J33: =I33 / $I$60 -> 0.13 | K33: =IFERROR(-LOG10(J33) * J33, "No hay Log de 0") -> 0.11518736 | O33: =_xlfn.CONCAT($O$29, E13, "-", G66) -> ME:BMW-C | P33: =COUNTIF( Tabla2[Make], SUBSTITUTE( SUBSTITUTE( SUBSTITUTE( SUBSTITUTE( SUBSTITUTE( SUBSTITUTE( SUBSTITUTE( SUBSTITUTE( SUBSTITUTE( SUBSTITUTE( SUBSTITUTE( SUBSTITUTE( SUBSTITUTE( SUBSTITUTE( SUBSTITUTE( SUBSTITUTE( SUBSTITUTE( SUBSTITUTE( SUBSTITUTE(O33,$O$29,""),"AUDI",""),"BMW",""),"CADILLAC",""),"CHEVROLET",""),"FIAT",""),"FORD",""),"HYUNDAI",""),"JEEP",""),"KIA",""),"NISSAN",""),"POLESTAR",""),"PORSCHE",""),"TESLA",""),"VOLKSWAGEN",""),"VOLVO",""),"-C",'Datos auxiliares'!$C$4),"-E",'Datos auxiliares'!$C$3),"-N",'Datos auxiliares'!$C$3) ) -> 0
A34: TESLA | B34: Battery Electric Vehicle (BEV) | C34: Clean Alternative Fuel Vehicle Eligible | E34: CADILLAC | F34: B | H34: =_xlfn.CONCAT(_xlfn.CONCAT($H$29,'Datos auxiliares'!A4),"-B") -> MT:CADILLAC-B | I34: =COUNTIFS( Tabla2[Make], E34, Tabla2[Electric Vehicle Type], _xlfn.IFS(F34 = "B",'Datos auxiliares'!$B$2,F34 = "P",'Datos auxiliares'!$B$3)) -> 0 | J34: =I34 / $I$60 -> 0 | K34: =IFERROR(-LOG10(J34) * J34, "No hay Log de 0") -> No hay Log de 0 | O34: =_xlfn.CONCAT($O$29, E13, "-", G67) -> ME:BMW-E | P34: =COUNTIF( Tabla2[Make], SUBSTITUTE( SUBSTITUTE( SUBSTITUTE( SUBSTITUTE( SUBSTITUTE( SUBSTITUTE( SUBSTITUTE( SUBSTITUTE( SUBSTITUTE( SUBSTITUTE( SUBSTITUTE( SUBSTITUTE( SUBSTITUTE( SUBSTITUTE( SUBSTITUTE( SUBSTITUTE( SUBSTITUTE( SUBSTITUTE( SUBSTITUTE(O34,$O$29,""),"AUDI",""),"BMW",""),"CADILLAC",""),"CHEVROLET",""),"FIAT",""),"FORD",""),"HYUNDAI",""),"JEEP",""),"KIA",""),"NISSAN",""),"POLESTAR",""),"PORSCHE",""),"TESLA",""),"VOLKSWAGEN",""),"VOLVO",""),"-C",'Datos auxiliares'!$C$4),"-E",'Datos auxiliares'!$C$3),"-N",'Datos auxiliares'!$C$3) ) -> 0
A35: TESLA | B35: Battery Electric Vehicle (BEV) | C35: Clean Alternative Fuel Vehicle Eligible | E35: CADILLAC | F35: P | H35: =_xlfn.CONCAT(_xlfn.CONCAT($H$29,'Datos auxiliares'!A4),"-P") -> MT:CADILLAC-P | I35: =COUNTIFS( Tabla2[Make], E35, Tabla2[Electric Vehicle Type], _xlfn.IFS(F35 = "B",'Datos auxiliares'!$B$2,F35 = "P",'Datos auxiliares'!$B$3)) -> 1 | J35: =I35 / $I$60 -> 0.01 | K35: =IFERROR(-LOG10(J35) * J35, "No hay Log de 0") -> 0.02 | O35: =_xlfn.CONCAT($O$29, E13, "-", G68) -> ME:BMW-N | P35: =COUNTIF( Tabla2[Make], SUBSTITUTE( SUBSTITUTE( SUBSTITUTE( SUBSTITUTE( SUBSTITUTE( SUBSTITUTE( SUBSTITUTE( SUBSTITUTE( SUBSTITUTE( SUBSTITUTE( SUBSTITUTE( SUBSTITUTE( SUBSTITUTE( SUBSTITUTE( SUBSTITUTE( SUBSTITUTE( SUBSTITUTE( SUBSTITUTE( SUBSTITUTE(O35,$O$29,""),"AUDI",""),"BMW",""),"CADILLAC",""),"CHEVROLET",""),"FIAT",""),"FORD",""),"HYUNDAI",""),"JEEP",""),"KIA",""),"NISSAN",""),"POLESTAR",""),"PORSCHE",""),"TESLA",""),"VOLKSWAGEN",""),"VOLVO",""),"-C",'Datos auxiliares'!$C$4),"-E",'Datos auxiliares'!$C$3),"-N",'Datos auxiliares'!$C$3) ) -> 0
A36: HYUNDAI | B36: Plug-in Hybrid Electric Vehicle (PHEV) | C36: Clean Alternative Fuel Vehicle Eligible | E36: CHEVROLET | F36: B | H36: =_xlfn.CONCAT(_xlfn.CONCAT($H$29,'Datos auxiliares'!A5),"-B") -> MT:CHEVROLET-B | I36: =COUNTIFS( Tabla2[Make], E36, Tabla2[Electric Vehicle Type], _xlfn.IFS(F36 = "B",'Datos auxiliares'!$B$2,F36 = "P",'Datos auxiliares'!$B$3)) -> 3 | J36: =I36 / $I$60 -> 0.03 | K36: =IFERROR(-LOG10(J36) * J36, "No hay Log de 0") -> 0.045686362 | O36: =_xlfn.CONCAT($O$29, E18, "-", G69) -> ME:HYUNDAI-C | P36: =COUNTIF( Tabla2[Make], SUBSTITUTE( SUBSTITUTE( SUBSTITUTE( SUBSTITUTE( SUBSTITUTE( SUBSTITUTE( SUBSTITUTE( SUBSTITUTE( SUBSTITUTE( SUBSTITUTE( SUBSTITUTE( SUBSTITUTE( SUBSTITUTE( SUBSTITUTE( SUBSTITUTE( SUBSTITUTE( SUBSTITUTE( SUBSTITUTE( SUBSTITUTE(O36,$O$29,""),"AUDI",""),"BMW",""),"CADILLAC",""),"CHEVROLET",""),"FIAT",""),"FORD",""),"HYUNDAI",""),"JEEP",""),"KIA",""),"NISSAN",""),"POLESTAR",""),"PORSCHE",""),"TESLA",""),"VOLKSWAGEN",""),"VOLVO",""),"-C",'Datos auxiliares'!$C$4),"-E",'Datos auxiliares'!$C$3),"-N",'Datos auxiliares'!$C$3) ) -> 0
A37: BMW | B37: Plug-in Hybrid Electric Vehicle (PHEV) | C37: Not eligible due to low battery range | E37: CHEVROLET | F37: P | H37: =_xlfn.CONCAT(_xlfn.CONCAT($H$29,'Datos auxiliares'!A5),"-P") -> MT:CHEVROLET-P | I37: =COUNTIFS( Tabla2[Make], E37, Tabla2[Electric Vehicle Type], _xlfn.IFS(F37 = "B",'Datos auxiliares'!$B$2,F37 = "P",'Datos auxiliares'!$B$3)) -> 2 | J37: =I37 / $I$60 -> 0.02 | K37: =IFERROR(-LOG10(J37) * J37, "No hay Log de 0") -> 0.0339794 | O37: =_xlfn.CONCAT($O$29, E18, "-", G70) -> ME:HYUNDAI-E | P37: =COUNTIF( Tabla2[Make], SUBSTITUTE( SUBSTITUTE( SUBSTITUTE( SUBSTITUTE( SUBSTITUTE( SUBSTITUTE( SUBSTITUTE( SUBSTITUTE( SUBSTITUTE( SUBSTITUTE( SUBSTITUTE( SUBSTITUTE( SUBSTITUTE( SUBSTITUTE( SUBSTITUTE( SUBSTITUTE( SUBSTITUTE( SUBSTITUTE( SUBSTITUTE(O37,$O$29,""),"AUDI",""),"BMW",""),"CADILLAC",""),"CHEVROLET",""),"FIAT",""),"FORD",""),"HYUNDAI",""),"JEEP",""),"KIA",""),"NISSAN",""),"POLESTAR",""),"PORSCHE",""),"TESLA",""),"VOLKSWAGEN",""),"VOLVO",""),"-C",'Datos auxiliares'!$C$4),"-E",'Datos auxiliares'!$C$3),"-N",'Datos auxiliares'!$C$3) ) -> 0
A38: BMW | B38: Plug-in Hybrid Electric Vehicle (PHEV) | C38: Clean Alternative Fuel Vehicle Eligible | E38: FIAT | F38: B | H38: =_xlfn.CONCAT(_xlfn.CONCAT($H$29,'Datos auxiliares'!A6),"-B") -> MT:FIAT-B | I38: =COUNTIFS( Tabla2[Make], E38, Tabla2[Electric Vehicle Type], _xlfn.IFS(F38 = "B",'Datos auxiliares'!$B$2,F38 = "P",'Datos auxiliares'!$B$3)) -> 2 | J38: =I38 / $I$60 -> 0.02 | K38: =IFERROR(-LOG10(J38) * J38, "No hay Log de 0") -> 0.0339794 | O38: =_xlfn.CONCAT($O$29, E18, "-", G71) -> ME:HYUNDAI-N | P38: =COUNTIF( Tabla2[Make], SUBSTITUTE( SUBSTITUTE( SUBSTITUTE( SUBSTITUTE( SUBSTITUTE( SUBSTITUTE( SUBSTITUTE( SUBSTITUTE( SUBSTITUTE( SUBSTITUTE( SUBSTITUTE( SUBSTITUTE( SUBSTITUTE( SUBSTITUTE( SUBSTITUTE( SUBSTITUTE( SUBSTITUTE( SUBSTITUTE( SUBSTITUTE(O38,$O$29,""),"AUDI",""),"BMW",""),"CADILLAC",""),"CHEVROLET",""),"FIAT",""),"FORD",""),"HYUNDAI",""),"JEEP",""),"KIA",""),"NISSAN",""),"POLESTAR",""),"PORSCHE",""),"TESLA",""),"VOLKSWAGEN",""),"VOLVO",""),"-C",'Datos auxiliares'!$C$4),"-E",'Datos auxiliares'!$C$3),"-N",'Datos auxiliares'!$C$3) ) -> 0
A39: BMW | B39: Plug-in Hybrid Electric Vehicle (PHEV) | C39: Clean Alternative Fuel Vehicle Eligible | E39: FIAT | F39: P | H39: =_xlfn.CONCAT(_xlfn.CONCAT($H$29,'Datos auxiliares'!A6),"-P") -> MT:FIAT-P | I39: =COUNTIFS( Tabla2[Make], E39, Tabla2[Electric Vehicle Type], _xlfn.IFS(F39 = "B",'Datos auxiliares'!$B$2,F39 = "P",'Datos auxiliares'!$B$3)) -> 0 | J39: =I39 / $I$60 -> 0 | K39: =IFERROR(-LOG10(J39) * J39, "No hay Log de 0") -> No hay Log de 0 | O39: =_xlfn.CONCAT($O$29, E19, "-", G72) -> ME:JEEP-C | P39: =COUNTIF( Tabla2[Make], SUBSTITUTE( SUBSTITUTE( SUBSTITUTE( SUBSTITUTE( SUBSTITUTE( SUBSTITUTE( SUBSTITUTE( SUBSTITUTE( SUBSTITUTE( SUBSTITUTE( SUBSTITUTE( SUBSTITUTE( SUBSTITUTE( SUBSTITUTE( SUBSTITUTE( SUBSTITUTE( SUBSTITUTE( SUBSTITUTE( SUBSTITUTE(O39,$O$29,""),"AUDI",""),"BMW",""),"CADILLAC",""),"CHEVROLET",""),"FIAT",""),"FORD",""),"HYUNDAI",""),"JEEP",""),"KIA",""),"NISSAN",""),"POLESTAR",""),"PORSCHE",""),"TESLA",""),"VOLKSWAGEN",""),"VOLVO",""),"-C",'Datos auxiliares'!$C$4),"-E",'Datos auxiliares'!$C$3),"-N",'Datos auxiliares'!$C$3) ) -> 0
A40: NISSAN | B40: Battery Electric Vehicle (BEV) | C40: Clean Alternative Fuel Vehicle Eligible | E40: FORD | F40: B | H40: =_xlfn.CONCAT(_xlfn.CONCAT($H$29,'Datos auxiliares'!A7),"-B") -> MT:FORD-B | I40: =COUNTIFS( Tabla2[Make], E40, Tabla2[Electric Vehicle Type], _xlfn.IFS(F40 = "B",'Datos auxiliares'!$B$2,F40 = "P",'Datos auxiliares'!$B$3)) -> 1 | J40: =I40 / $I$60 -> 0.01 | K40: =IFERROR(-LOG10(J40) * J40, "No hay Log de 0") -> 0.02 | O40: =_xlfn.CONCAT($O$29, E19, "-", G73) -> ME:JEEP-E | P40: =COUNTIF( Tabla2[Make], SUBSTITUTE( SUBSTITUTE( SUBSTITUTE( SUBSTITUTE( SUBSTITUTE( SUBSTITUTE( SUBSTITUTE( SUBSTITUTE( SUBSTITUTE( SUBSTITUTE( SUBSTITUTE( SUBSTITUTE( SUBSTITUTE( SUBSTITUTE( SUBSTITUTE( SUBSTITUTE( SUBSTITUTE( SUBSTITUTE( SUBSTITUTE(O40,$O$29,""),"AUDI",""),"BMW",""),"CADILLAC",""),"CHEVROLET",""),"FIAT",""),"FORD",""),"HYUNDAI",""),"JEEP",""),"KIA",""),"NISSAN",""),"POLESTAR",""),"PORSCHE",""),"TESLA",""),"VOLKSWAGEN",""),"VOLVO",""),"-C",'Datos auxiliares'!$C$4),"-E",'Datos auxiliares'!$C$3),"-N",'Datos auxiliares'!$C$3) ) -> 0
A41: KIA | B41: Plug-in Hybrid Electric Vehicle (PHEV) | C41: Clean Alternative Fuel Vehicle Eligible | E41: FORD | F41: P | H41: =_xlfn.CONCAT(_xlfn.CONCAT($H$29,'Datos auxiliares'!A7),"-P") -> MT:FORD-P | I41: =COUNTIFS( Tabla2[Make], E41, Tabla2[Electric Vehicle Type], _xlfn.IFS(F41 = "B",'Datos auxiliares'!$B$2,F41 = "P",'Datos auxiliares'!$B$3)) -> 1 | J41: =I41 / $I$60 -> 0.01 | K41: =IFERROR(-LOG10(J41) * J41, "No hay Log de 0") -> 0.02 | O41: =_xlfn.CONCAT($O$29, E19, "-", G74) -> ME:JEEP-N | P41: =COUNTIF( Tabla2[Make], SUBSTITUTE( SUBSTITUTE( SUBSTITUTE( SUBSTITUTE( SUBSTITUTE( SUBSTITUTE( SUBSTITUTE( SUBSTITUTE( SUBSTITUTE( SUBSTITUTE( SUBSTITUTE( SUBSTITUTE( SUBSTITUTE( SUBSTITUTE( SUBSTITUTE( SUBSTITUTE( SUBSTITUTE( SUBSTITUTE( SUBSTITUTE(O41,$O$29,""),"AUDI",""),"BMW",""),"CADILLAC",""),"CHEVROLET",""),"FIAT",""),"FORD",""),"HYUNDAI",""),"JEEP",""),"KIA",""),"NISSAN",""),"POLESTAR",""),"PORSCHE",""),"TESLA",""),"VOLKSWAGEN",""),"VOLVO",""),"-C",'Datos auxiliares'!$C$4),"-E",'Datos auxiliares'!$C$3),"-N",'Datos auxiliares'!$C$3) ) -> 0
A42: BMW | B42: Plug-in Hybrid Electric Vehicle (PHEV) | C42: Clean Alternative Fuel Vehicle Eligible | E42: HYUNDAI | F42: B | H42: =_xlfn.CONCAT(_xlfn.CONCAT($H$29,'Datos auxiliares'!A8),"-B") -> MT:HYUNDAI-B | I42: =COUNTIFS( Tabla2[Make], E42, Tabla2[Electric Vehicle Type], _xlfn.IFS(F42 = "B",'Datos auxiliares'!$B$2,F42 = "P",'Datos auxiliares'!$B$3)) -> 0 | J42: =I42 / $I$60 -> 0 | K42: =IFERROR(-LOG10(J42) * J42, "No hay Log de 0") -> No hay Log de 0 | O42: =_xlfn.CONCAT($O$29, E24, "-", G75) -> ME:TESLA-C | P42: =COUNTIF( Tabla2[Make], SUBSTITUTE( SUBSTITUTE( SUBSTITUTE( SUBSTITUTE( SUBSTITUTE( SUBSTITUTE( SUBSTITUTE( SUBSTITUTE( SUBSTITUTE( SUBSTITUTE( SUBSTITUTE( SUBSTITUTE( SUBSTITUTE( SUBSTITUTE( SUBSTITUTE( SUBSTITUTE( SUBSTITUTE( SUBSTITUTE( SUBSTITUTE(O42,$O$29,""),"AUDI",""),"BMW",""),"CADILLAC",""),"CHEVROLET",""),"FIAT",""),"FORD",""),"HYUNDAI",""),"JEEP",""),"KIA",""),"NISSAN",""),"POLESTAR",""),"PORSCHE",""),"TESLA",""),"VOLKSWAGEN",""),"VOLVO",""),"-C",'Datos auxiliares'!$C$4),"-E",'Datos auxiliares'!$C$3),"-N",'Datos auxiliares'!$C$3) ) -> 0
A43: TESLA | B43: Battery Electric Vehicle (BEV) | C43: Clean Alternative Fuel Vehicle Eligible | E43: HYUNDAI | F43: P | H43: =_xlfn.CONCAT(_xlfn.CONCAT($H$29,'Datos auxiliares'!A8),"-P") -> MT:HYUNDAI-P | I43: =COUNTIFS( Tabla2[Make], E43, Tabla2[Electric Vehicle Type], _xlfn.IFS(F43 = "B",'Datos auxiliares'!$B$2,F43 = "P",'Datos auxiliares'!$B$3)) -> 1 | J43: =I43 / $I$60 -> 0.01 | K43: =IFERROR(-LOG10(J43) * J43, "No hay Log de 0") -> 0.02 | O43: =_xlfn.CONCAT($O$29, E24, "-", G76) -> ME:TESLA-E | P43: =COUNTIF( Tabla2[Make], SUBSTITUTE( SUBSTITUTE( SUBSTITUTE( SUBSTITUTE( SUBSTITUTE( SUBSTITUTE( SUBSTITUTE( SUBSTITUTE( SUBSTITUTE( SUBSTITUTE( SUBSTITUTE( SUBSTITUTE( SUBSTITUTE( SUBSTITUTE( SUBSTITUTE( SUBSTITUTE( SUBSTITUTE( SUBSTITUTE( SUBSTITUTE(O43,$O$29,""),"AUDI",""),"BMW",""),"CADILLAC",""),"CHEVROLET",""),"FIAT",""),"FORD",""),"HYUNDAI",""),"JEEP",""),"KIA",""),"NISSAN",""),"POLESTAR",""),"PORSCHE",""),"TESLA",""),"VOLKSWAGEN",""),"VOLVO",""),"-C",'Datos auxiliares'!$C$4),"-E",'Datos auxiliares'!$C$3),"-N",'Datos auxiliares'!$C$3) ) -> 0
A44: TESLA | B44: Battery Electric Vehicle (BEV) | C44: Eligibility unknown as battery range has not been researched | E44: JEEP | F44: B | H44: =_xlfn.CONCAT(_xlfn.CONCAT($H$29,'Datos auxiliares'!A9),"-B") -> MT:JEEP-B | I44: =COUNTIFS( Tabla2[Make], E44, Tabla2[Electric Vehicle Type], _xlfn.IFS(F44 = "B",'Datos auxiliares'!$B$2,F44 = "P",'Datos auxiliares'!$B$3)) -> 0 | J44: =I44 / $I$60 -> 0 | K44: =IFERROR(-LOG10(J44) * J44, "No hay Log de 0") -> No hay Log de 0 | O44: =_xlfn.CONCAT($O$29, E24, "-", G77) -> ME:TESLA-N | P44: =COUNTIF( Tabla2[Make], SUBSTITUTE( SUBSTITUTE( SUBSTITUTE( SUBSTITUTE( SUBSTITUTE( SUBSTITUTE( SUBSTITUTE( SUBSTITUTE( SUBSTITUTE( SUBSTITUTE( SUBSTITUTE( SUBSTITUTE( SUBSTITUTE( SUBSTITUTE( SUBSTITUTE( SUBSTITUTE( SUBSTITUTE( SUBSTITUTE( SUBSTITUTE(O44,$O$29,""),"AUDI",""),"BMW",""),"CADILLAC",""),"CHEVROLET",""),"FIAT",""),"FORD",""),"HYUNDAI",""),"JEEP",""),"KIA",""),"NISSAN",""),"POLESTAR",""),"PORSCHE",""),"TESLA",""),"VOLKSWAGEN",""),"VOLVO",""),"-C",'Datos auxiliares'!$C$4),"-E",'Datos auxiliares'!$C$3),"-N",'Datos auxiliares'!$C$3) ) -> 0
A45: TESLA | B45: Battery Electric Vehicle (BEV) | C45: Clean Alternative Fuel Vehicle Eligible | E45: JEEP | F45: P | H45: =_xlfn.CONCAT(_xlfn.CONCAT($H$29,'Datos auxiliares'!A9),"-P") -> MT:JEEP-P | I45: =COUNTIFS( Tabla2[Make], E45, Tabla2[Electric Vehicle Type], _xlfn.IFS(F45 = "B",'Datos auxiliares'!$B$2,F45 = "P",'Datos auxiliares'!$B$3)) -> 4 | J45: =I45 / $I$60 -> 0.04 | K45: =IFERROR(-LOG10(J45) * J45, "No hay Log de 0") -> 0.0559176 | O45: =_xlfn.CONCAT($O$29, E25, "-", G78) -> ME:VOLKSWAGEN-C | P45: =COUNTIF( Tabla2[Make], SUBSTITUTE( SUBSTITUTE( SUBSTITUTE( SUBSTITUTE( SUBSTITUTE( SUBSTITUTE( SUBSTITUTE( SUBSTITUTE( SUBSTITUTE( SUBSTITUTE( SUBSTITUTE( SUBSTITUTE( SUBSTITUTE( SUBSTITUTE( SUBSTITUTE( SUBSTITUTE( SUBSTITUTE( SUBSTITUTE( SUBSTITUTE(O45,$O$29,""),"AUDI",""),"BMW",""),"CADILLAC",""),"CHEVROLET",""),"FIAT",""),"FORD",""),"HYUNDAI",""),"JEEP",""),"KIA",""),"NISSAN",""),"POLESTAR",""),"PORSCHE",""),"TESLA",""),"VOLKSWAGEN",""),"VOLVO",""),"-C",'Datos auxiliares'!$C$4),"-E",'Datos auxiliares'!$C$3),"-N",'Datos auxiliares'!$C$3) ) -> 0
A46: TESLA | B46: Battery Electric Vehicle (BEV) | C46: Clean Alternative Fuel Vehicle Eligible | E46: KIA | F46: B | H46: =_xlfn.CONCAT(_xlfn.CONCAT($H$29,'Datos auxiliares'!A10),"-B") -> MT:KIA-B | I46: =COUNTIFS( Tabla2[Make], E46, Tabla2[Electric Vehicle Type], _xlfn.IFS(F46 = "B",'Datos auxiliares'!$B$2,F46 = "P",'Datos auxiliares'!$B$3)) -> 7 | J46: =I46 / $I$60 -> 0.07 | K46: =IFERROR(-LOG10(J46) * J46, "No hay Log de 0") -> 0.080843137 | O46: =_xlfn.CONCAT($O$29, E25, "-", G79) -> ME:VOLKSWAGEN-E | P46: =COUNTIF( Tabla2[Make], SUBSTITUTE( SUBSTITUTE( SUBSTITUTE( SUBSTITUTE( SUBSTITUTE( SUBSTITUTE( SUBSTITUTE( SUBSTITUTE( SUBSTITUTE( SUBSTITUTE( SUBSTITUTE( SUBSTITUTE( SUBSTITUTE( SUBSTITUTE( SUBSTITUTE( SUBSTITUTE( SUBSTITUTE( SUBSTITUTE( SUBSTITUTE(O46,$O$29,""),"AUDI",""),"BMW",""),"CADILLAC",""),"CHEVROLET",""),"FIAT",""),"FORD",""),"HYUNDAI",""),"JEEP",""),"KIA",""),"NISSAN",""),"POLESTAR",""),"PORSCHE",""),"TESLA",""),"VOLKSWAGEN",""),"VOLVO",""),"-C",'Datos auxiliares'!$C$4),"-E",'Datos auxiliares'!$C$3),"-N",'Datos auxiliares'!$C$3) ) -> 0
A47: KIA | B47: Battery Electric Vehicle (BEV) | C47: Clean Alternative Fuel Vehicle Eligible | E47: KIA | F47: P | H47: =_xlfn.CONCAT(_xlfn.CONCAT($H$29,'Datos auxiliares'!A10),"-P") -> MT:KIA-P | I47: =COUNTIFS( Tabla2[Make], E47, Tabla2[Electric Vehicle Type], _xlfn.IFS(F47 = "B",'Datos auxiliares'!$B$2,F47 = "P",'Datos auxiliares'!$B$3)) -> 6 | J47: =I47 / $I$60 -> 0.06 | K47: =IFERROR(-LOG10(J47) * J47, "No hay Log de 0") -> 0.073310925 | O47: =_xlfn.CONCAT($O$29, E25, "-", G80) -> ME:VOLKSWAGEN-N | P47: =COUNTIF( Tabla2[Make], SUBSTITUTE( SUBSTITUTE( SUBSTITUTE( SUBSTITUTE( SUBSTITUTE( SUBSTITUTE( SUBSTITUTE( SUBSTITUTE( SUBSTITUTE( SUBSTITUTE( SUBSTITUTE( SUBSTITUTE( SUBSTITUTE( SUBSTITUTE( SUBSTITUTE( SUBSTITUTE( SUBSTITUTE( SUBSTITUTE( SUBSTITUTE(O47,$O$29,""),"AUDI",""),"BMW",""),"CADILLAC",""),"CHEVROLET",""),"FIAT",""),"FORD",""),"HYUNDAI",""),"JEEP",""),"KIA",""),"NISSAN",""),"POLESTAR",""),"PORSCHE",""),"TESLA",""),"VOLKSWAGEN",""),"VOLVO",""),"-C",'Datos auxiliares'!$C$4),"-E",'Datos auxiliares'!$C$3),"-N",'Datos auxiliares'!$C$3) ) -> 0
A48: BMW | B48: Plug-in Hybrid Electric Vehicle (PHEV) | C48: Not eligible due to low battery range | E48: NISSAN | F48: B | H48: =_xlfn.CONCAT(_xlfn.CONCAT($H$29,'Datos auxiliares'!A11),"-B") -> MT:NISSAN-B | I48: =COUNTIFS( Tabla2[Make], E48, Tabla2[Electric Vehicle Type], _xlfn.IFS(F48 = "B",'Datos auxiliares'!$B$2,F48 = "P",'Datos auxiliares'!$B$3)) -> 13 | J48: =I48 / $I$60 -> 0.13 | K48: =IFERROR(-LOG10(J48) * J48, "No hay Log de 0") -> 0.11518736
A49: NISSAN | B49: Battery Electric Vehicle (BEV) | C49: Clean Alternative Fuel Vehicle Eligible | E49: NISSAN | F49: P | H49: =_xlfn.CONCAT(_xlfn.CONCAT($H$29,'Datos auxiliares'!A11),"-P") -> MT:NISSAN-P | I49: =COUNTIFS( Tabla2[Make], E49, Tabla2[Electric Vehicle Type], _xlfn.IFS(F49 = "B",'Datos auxiliares'!$B$2,F49 = "P",'Datos auxiliares'!$B$3)) -> 0 | J49: =I49 / $I$60 -> 0 | K49: =IFERROR(-LOG10(J49) * J49, "No hay Log de 0") -> No hay Log de 0
A50: TESLA | B50: Battery Electric Vehicle (BEV) | C50: Clean Alternative Fuel Vehicle Eligible | E50: POLESTAR | F50: B | H50: =_xlfn.CONCAT(_xlfn.CONCAT($H$29,'Datos auxiliares'!A12),"-B") -> MT:POLESTAR-B | I50: =COUNTIFS( Tabla2[Make], E50, Tabla2[Electric Vehicle Type], _xlfn.IFS(F50 = "B",'Datos auxiliares'!$B$2,F50 = "P",'Datos auxiliares'!$B$3)) -> 1 | J50: =I50 / $I$60 -> 0.01 | K50: =IFERROR(-LOG10(J50) * J50, "No hay Log de 0") -> 0.02
A51: TESLA | B51: Battery Electric Vehicle (BEV) | C51: Clean Alternative Fuel Vehicle Eligible | E51: POLESTAR | F51: P | H51: =_xlfn.CONCAT(_xlfn.CONCAT($H$29,'Datos auxiliares'!A12),"-P") -> MT:POLESTAR-P | I51: =COUNTIFS( Tabla2[Make], E51, Tabla2[Electric Vehicle Type], _xlfn.IFS(F51 = "B",'Datos auxiliares'!$B$2,F51 = "P",'Datos auxiliares'!$B$3)) -> 0 | J51: =I51 / $I$60 -> 0 | K51: =IFERROR(-LOG10(J51) * J51, "No hay Log de 0") -> No hay Log de 0
A52: CADILLAC | B52: Plug-in Hybrid Electric Vehicle (PHEV) | C52: Clean Alternative Fuel Vehicle Eligible | E52: PORSCHE | F52: B | H52: =_xlfn.CONCAT(_xlfn.CONCAT($H$29,'Datos auxiliares'!A13),"-B") -> MT:PORSCHE-B | I52: =COUNTIFS( Tabla2[Make], E52, Tabla2[Electric Vehicle Type], _xlfn.IFS(F52 = "B",'Datos auxiliares'!$B$2,F52 = "P",'Datos auxiliares'!$B$3)) -> 1 | J52: =I52 / $I$60 -> 0.01 | K52: =IFERROR(-LOG10(J52) * J52, "No hay Log de 0") -> 0.02
A53: TESLA | B53: Battery Electric Vehicle (BEV) | C53: Eligibility unknown as battery range has not been researched | E53: PORSCHE | F53: P | H53: =_xlfn.CONCAT(_xlfn.CONCAT($H$29,'Datos auxiliares'!A13),"-P") -> MT:PORSCHE-P | I53: =COUNTIFS( Tabla2[Make], E53, Tabla2[Electric Vehicle Type], _xlfn.IFS(F53 = "B",'Datos auxiliares'!$B$2,F53 = "P",'Datos auxiliares'!$B$3)) -> 0 | J53: =I53 / $I$60 -> 0 | K53: =IFERROR(-LOG10(J53) * J53, "No hay Log de 0") -> No hay Log de 0
A54: TESLA | B54: Battery Electric Vehicle (BEV) | C54: Clean Alternative Fuel Vehicle Eligible | E54: TESLA | F54: B | H54: =_xlfn.CONCAT(_xlfn.CONCAT($H$29,'Datos auxiliares'!A14),"-B") -> MT:TESLA-B | I54: =COUNTIFS( Tabla2[Make], E54, Tabla2[Electric Vehicle Type], _xlfn.IFS(F54 = "B",'Datos auxiliares'!$B$2,F54 = "P",'Datos auxiliares'!$B$3)) -> 30 | J54: =I54 / $I$60 -> 0.3 | K54: =IFERROR(-LOG10(J54) * J54, "No hay Log de 0") -> 0.15686362
A55: TESLA | B55: Battery Electric Vehicle (BEV) | C55: Clean Alternative Fuel Vehicle Eligible | E55: TESLA | F55: P | H55: =_xlfn.CONCAT(_xlfn.CONCAT($H$29,'Datos auxiliares'!A14),"-P") -> MT:TESLA-P | I55: =COUNTIFS( Tabla2[Make], E55, Tabla2[Electric Vehicle Type], _xlfn.IFS(F55 = "B",'Datos auxiliares'!$B$2,F55 = "P",'Datos auxiliares'!$B$3)) -> 0 | J55: =I55 / $I$60 -> 0 | K55: =IFERROR(-LOG10(J55) * J55, "No hay Log de 0") -> No hay Log de 0
A56: KIA | B56: Battery Electric Vehicle (BEV) | C56: Clean Alternative Fuel Vehicle Eligible | E56: VOLKSWAGEN | F56: B | H56: =_xlfn.CONCAT(_xlfn.CONCAT($H$29,'Datos auxiliares'!A15),"-B") -> MT:VOLKSWAGEN-B | I56: =COUNTIFS( Tabla2[Make], E56, Tabla2[Electric Vehicle Type], _xlfn.IFS(F56 = "B",'Datos auxiliares'!$B$2,F56 = "P",'Datos auxiliares'!$B$3)) -> 1 | J56: =I56 / $I$60 -> 0.01 | K56: =IFERROR(-LOG10(J56) * J56, "No hay Log de 0") -> 0.02
A57: JEEP | B57: Plug-in Hybrid Electric Vehicle (PHEV) | C57: Not eligible due to low battery range | E57: VOLKSWAGEN | F57: P | H57: =_xlfn.CONCAT(_xlfn.CONCAT($H$29,'Datos auxiliares'!A15),"-P") -> MT:VOLKSWAGEN-P | I57: =COUNTIFS( Tabla2[Make], E57, Tabla2[Electric Vehicle Type], _xlfn.IFS(F57 = "B",'Datos auxiliares'!$B$2,F57 = "P",'Datos auxiliares'!$B$3)) -> 0 | J57: =I57 / $I$60 -> 0 | K57: =IFERROR(-LOG10(J57) * J57, "No hay Log de 0") -> No hay Log de 0
A58: NISSAN | B58: Battery Electric Vehicle (BEV) | C58: Clean Alternative Fuel Vehicle Eligible | E58: VOLVO | F58: B | H58: =_xlfn.CONCAT(_xlfn.CONCAT($H$29,'Datos auxiliares'!A16),"-B") -> MT:VOLVO-B | I58: =COUNTIFS( Tabla2[Make], E58, Tabla2[Electric Vehicle Type], _xlfn.IFS(F58 = "B",'Datos auxiliares'!$B$2,F58 = "P",'Datos auxiliares'!$B$3)) -> 1 | J58: =I58 / $I$60 -> 0.01 | K58: =IFERROR(-LOG10(J58) * J58, "No hay Log de 0") -> 0.02
A59: TESLA | B59: Battery Electric Vehicle (BEV) | C59: Clean Alternative Fuel Vehicle Eligible | E59: VOLVO | F59: P | H59: =_xlfn.CONCAT(_xlfn.CONCAT($H$29,'Datos auxiliares'!A16),"-P") -> MT:VOLVO-P | I59: =COUNTIFS( Tabla2[Make], E59, Tabla2[Electric Vehicle Type], _xlfn.IFS(F59 = "B",'Datos auxiliares'!$B$2,F59 = "P",'Datos auxiliares'!$B$3)) -> 5 | J59: =I59 / $I$60 -> 0.05 | K59: =IFERROR(-LOG10(J59) * J59, "No hay Log de 0") -> 0.0650515
A60: NISSAN | B60: Battery Electric Vehicle (BEV) | C60: Clean Alternative Fuel Vehicle Eligible | I60: =SUM(I30:I59) -> 100 | J60: =SUM(J30:J59) -> 1 | K60: =SUM(K58:K59) -> 0.0850515
A61: BMW | B61: Plug-in Hybrid Electric Vehicle (PHEV) | C61: Not eligible due to low battery range
A62: FORD | B62: Plug-in Hybrid Electric Vehicle (PHEV) | C62: Not eligible due to low battery range | H62: MTE:
A63: KIA | B63: Plug-in Hybrid Electric Vehicle (PHEV) | C63: Not eligible due to low battery range | E63: AUDI | F63: B | G63: C | H63: =_xlfn.CONCAT($H$62,E63, _xlfn.CONCAT("-", F63), _xlfn.CONCAT("-", G63)) -> MTE:AUDI-B-C | I63: =COUNTIFS( Tabla2[Make], SUBSTITUTE(SUBSTITUTE(SUBSTITUTE(H63,$H$62,""), _xlfn.CONCAT("-", F63), ""), _xlfn.CONCAT("-", G63), ""), Tabla2[Electric Vehicle Type], _xlfn.IFS(F63 = "B",'Datos auxiliares'!$B$2,F63 = "P",'Datos auxiliares'!$B$3), Tabla2[Clean Alternative Fuel Vehicle (CAFV) Eligibility], _xlfn.IFS(G63 = "C",'Datos auxiliares'!$C$4,G63 = "E",'Datos auxiliares'!$C$3,G63 = "N", 'Datos auxiliares'!$C$2)) -> 1 | J63: =I63 / $I$153 -> 0.01 | K63: =IFERROR(-LOG10(J63) * J63, "No hay Log de 0") -> 0.02 | M63: Entropía de este árbol:
A64: AUDI | B64: Battery Electric Vehicle (BEV) | C64: Clean Alternative Fuel Vehicle Eligible | E64: AUDI | F64: B | G64: E | H64: =_xlfn.CONCAT($H$62,E64, _xlfn.CONCAT("-", F64), _xlfn.CONCAT("-", G64)) -> MTE:AUDI-B-E | I64: =COUNTIFS( Tabla2[Make], SUBSTITUTE(SUBSTITUTE(SUBSTITUTE(H64,$H$62,""), _xlfn.CONCAT("-", F64), ""), _xlfn.CONCAT("-", G64), ""), Tabla2[Electric Vehicle Type], _xlfn.IFS(F64 = "B",'Datos auxiliares'!$B$2,F64 = "P",'Datos auxiliares'!$B$3), Tabla2[Clean Alternative Fuel Vehicle (CAFV) Eligibility], _xlfn.IFS(G64 = "C",'Datos auxiliares'!$C$4,G64 = "E",'Datos auxiliares'!$C$3,G64 = "N", 'Datos auxiliares'!$C$2)) -> 0 | J64: =I64 / $I$153 -> 0 | K64: =IFERROR(-LOG10(J64) * J64, "No hay Log de 0") -> No hay Log de 0 | M64: =K153 -> 2.310907
A65: FORD | B65: Battery Electric Vehicle (BEV) | C65: Eligibility unknown as battery range has not been researched | E65: AUDI | F65: B | G65: N | H65: =_xlfn.CONCAT($H$62,E65, _xlfn.CONCAT("-", F65), _xlfn.CONCAT("-", G65)) -> MTE:AUDI-B-N | I65: =COUNTIFS( Tabla2[Make], SUBSTITUTE(SUBSTITUTE(SUBSTITUTE(H65,$H$62,""), _xlfn.CONCAT("-", F65), ""), _xlfn.CONCAT("-", G65), ""), Tabla2[Electric Vehicle Type], _xlfn.IFS(F65 = "B",'Datos auxiliares'!$B$2,F65 = "P",'Datos auxiliares'!$B$3), Tabla2[Clean Alternative Fuel Vehicle (CAFV) Eligibility], _xlfn.IFS(G65 = "C",'Datos auxiliares'!$C$4,G65 = "E",'Datos auxiliares'!$C$3,G65 = "N", 'Datos auxiliares'!$C$2)) -> 0 | J65: =I65 / $I$153 -> 0 | K65: =IFERROR(-LOG10(J65) * J65, "No hay Log de 0") -> No hay Log de 0
A66: VOLVO | B66: Battery Electric Vehicle (BEV) | C66: Eligibility unknown as battery range has not been researched | E66: AUDI | F66: P | G66: C | H66: =_xlfn.CONCAT($H$62,E66, _xlfn.CONCAT("-", F66), _xlfn.CONCAT("-", G66)) -> MTE:AUDI-P-C | I66: =COUNTIFS( Tabla2[Make], SUBSTITUTE(SUBSTITUTE(SUBSTITUTE(H66,$H$62,""), _xlfn.CONCAT("-", F66), ""), _xlfn.CONCAT("-", G66), ""), Tabla2[Electric Vehicle Type], _xlfn.IFS(F66 = "B",'Datos auxiliares'!$B$2,F66 = "P",'Datos auxiliares'!$B$3), Tabla2[Clean Alternative Fuel Vehicle (CAFV) Eligibility], _xlfn.IFS(G66 = "C",'Datos auxiliares'!$C$4,G66 = "E",'Datos auxiliares'!$C$3,G66 = "N", 'Datos auxiliares'!$C$2)) -> 0 | J66: =I66 / $I$153 -> 0 | K66: =IFERROR(-LOG10(J66) * J66, "No hay Log de 0") -> No hay Log de 0
A67: CHEVROLET | B67: Battery Electric Vehicle (BEV) | C67: Clean Alternative Fuel Vehicle Eligible | E67: AUDI | F67: P | G67: E | H67: =_xlfn.CONCAT($H$62,E67, _xlfn.CONCAT("-", F67), _xlfn.CONCAT("-", G67)) -> MTE:AUDI-P-E | I67: =COUNTIFS( Tabla2[Make], SUBSTITUTE(SUBSTITUTE(SUBSTITUTE(H67,$H$62,""), _xlfn.CONCAT("-", F67), ""), _xlfn.CONCAT("-", G67), ""), Tabla2[Electric Vehicle Type], _xlfn.IFS(F67 = "B",'Datos auxiliares'!$B$2,F67 = "P",'Datos auxiliares'!$B$3), Tabla2[Clean Alternative Fuel Vehicle (CAFV) Eligibility], _xlfn.IFS(G67 = "C",'Datos auxiliares'!$C$4,G67 = "E",'Datos auxiliares'!$C$3,G67 = "N", 'Datos auxiliares'!$C$2)) -> 0 | J67: =I67 / $I$153 -> 0 | K67: =IFERROR(-LOG10(J67) * J67, "No hay Log de 0") -> No hay Log de 0
A68: CHEVROLET | B68: Battery Electric Vehicle (BEV) | C68: Clean Alternative Fuel Vehicle Eligible | E68: AUDI | F68: P | G68: N | H68: =_xlfn.CONCAT($H$62,E68, _xlfn.CONCAT("-", F68), _xlfn.CONCAT("-", G68)) -> MTE:AUDI-P-N | I68: =COUNTIFS( Tabla2[Make], SUBSTITUTE(SUBSTITUTE(SUBSTITUTE(H68,$H$62,""), _xlfn.CONCAT("-", F68), ""), _xlfn.CONCAT("-", G68), ""), Tabla2[Electric Vehicle Type], _xlfn.IFS(F68 = "B",'Datos auxiliares'!$B$2,F68 = "P",'Datos auxiliares'!$B$3), Tabla2[Clean Alternative Fuel Vehicle (CAFV) Eligibility], _xlfn.IFS(G68 = "C",'Datos auxiliares'!$C$4,G68 = "E",'Datos auxiliares'!$C$3,G68 = "N", 'Datos auxiliares'!$C$2)) -> 3 | J68: =I68 / $I$153 -> 0.03 | K68: =IFERROR(-LOG10(J68) * J68, "No hay Log de 0") -> 0.045686362
A69: BMW | B69: Plug-in Hybrid Electric Vehicle (PHEV) | C69: Not eligible due to low battery range | E69: BMW | F69: B | G69: C | H69: =_xlfn.CONCAT($H$62,E69, _xlfn.CONCAT("-", F69), _xlfn.CONCAT("-", G69)) -> MTE:BMW-B-C | I69: =COUNTIFS( Tabla2[Make], SUBSTITUTE(SUBSTITUTE(SUBSTITUTE(H69,$H$62,""), _xlfn.CONCAT("-", F69), ""), _xlfn.CONCAT("-", G69), ""), Tabla2[Electric Vehicle Type], _xlfn.IFS(F69 = "B",'Datos auxiliares'!$B$2,F69 = "P",'Datos auxiliares'!$B$3), Tabla2[Clean Alternative Fuel Vehicle (CAFV) Eligibility], _xlfn.IFS(G69 = "C",'Datos auxiliares'!$C$4,G69 = "E",'Datos auxiliares'!$C$3,G69 = "N", 'Datos auxiliares'!$C$2)) -> 1 | J69: =I69 / $I$153 -> 0.01 | K69: =IFERROR(-LOG10(J69) * J69, "No hay Log de 0") -> 0.02
A70: KIA | B70: Plug-in Hybrid Electric Vehicle (PHEV) | C70: Not eligible due to low battery range | E70: BMW | F70: B | G70: E | H70: =_xlfn.CONCAT($H$62,E70, _xlfn.CONCAT("-", F70), _xlfn.CONCAT("-", G70)) -> MTE:BMW-B-E | I70: =COUNTIFS( Tabla2[Make], SUBSTITUTE(SUBSTITUTE(SUBSTITUTE(H70,$H$62,""), _xlfn.CONCAT("-", F70), ""), _xlfn.CONCAT("-", G70), ""), Tabla2[Electric Vehicle Type], _xlfn.IFS(F70 = "B",'Datos auxiliares'!$B$2,F70 = "P",'Datos auxiliares'!$B$3), Tabla2[Clean Alternative Fuel Vehicle (CAFV) Eligibility], _xlfn.IFS(G70 = "C",'Datos auxiliares'!$C$4,G70 = "E",'Datos auxiliares'!$C$3,G70 = "N", 'Datos auxiliares'!$C$2)) -> 2 | J70: =I70 / $I$153 -> 0.02 | K70: =IFERROR(-LOG10(J70) * J70, "No hay Log de 0") -> 0.0339794
A71: KIA | B71: Battery Electric Vehicle (BEV) | C71: Clean Alternative Fuel Vehicle Eligible | E71: BMW | F71: B | G71: N | H71: =_xlfn.CONCAT($H$62,E71, _xlfn.CONCAT("-", F71), _xlfn.CONCAT("-", G71)) -> MTE:BMW-B-N | I71: =COUNTIFS( Tabla2[Make], SUBSTITUTE(SUBSTITUTE(SUBSTITUTE(H71,$H$62,""), _xlfn.CONCAT("-", F71), ""), _xlfn.CONCAT("-", G71), ""), Tabla2[Electric Vehicle Type], _xlfn.IFS(F71 = "B",'Datos auxiliares'!$B$2,F71 = "P",'Datos auxiliares'!$B$3), Tabla2[Clean Alternative Fuel Vehicle (CAFV) Eligibility], _xlfn.IFS(G71 = "C",'Datos auxiliares'!$C$4,G71 = "E",'Datos auxiliares'!$C$3,G71 = "N", 'Datos auxiliares'!$C$2)) -> 0 | J71: =I71 / $I$153 -> 0 | K71: =IFERROR(-LOG10(J71) * J71, "No hay Log de 0") -> No hay Log de 0
A72: CHEVROLET | B72: Battery Electric Vehicle (BEV) | C72: Clean Alternative Fuel Vehicle Eligible | E72: BMW | F72: P | G72: C | H72: =_xlfn.CONCAT($H$62,E72, _xlfn.CONCAT("-", F72), _xlfn.CONCAT("-", G72)) -> MTE:BMW-P-C | I72: =COUNTIFS( Tabla2[Make], SUBSTITUTE(SUBSTITUTE(SUBSTITUTE(H72,$H$62,""), _xlfn.CONCAT("-", F72), ""), _xlfn.CONCAT("-", G72), ""), Tabla2[Electric Vehicle Type], _xlfn.IFS(F72 = "B",'Datos auxiliares'!$B$2,F72 = "P",'Datos auxiliares'!$B$3), Tabla2[Clean Alternative Fuel Vehicle (CAFV) Eligibility], _xlfn.IFS(G72 = "C",'Datos auxiliares'!$C$4,G72 = "E",'Datos auxiliares'!$C$3,G72 = "N", 'Datos auxiliares'!$C$2)) -> 7 | J72: =I72 / $I$153 -> 0.07 | K72: =IFERROR(-LOG10(J72) * J72, "No hay Log de 0") -> 0.080843137
A73: CHEVROLET | B73: Plug-in Hybrid Electric Vehicle (PHEV) | C73: Clean Alternative Fuel Vehicle Eligible | E73: BMW | F73: P | G73: E | H73: =_xlfn.CONCAT($H$62,E73, _xlfn.CONCAT("-", F73), _xlfn.CONCAT("-", G73)) -> MTE:BMW-P-E | I73: =COUNTIFS( Tabla2[Make], SUBSTITUTE(SUBSTITUTE(SUBSTITUTE(H73,$H$62,""), _xlfn.CONCAT("-", F73), ""), _xlfn.CONCAT("-", G73), ""), Tabla2[Electric Vehicle Type], _xlfn.IFS(F73 = "B",'Datos auxiliares'!$B$2,F73 = "P",'Datos auxiliares'!$B$3), Tabla2[Clean Alternative Fuel Vehicle (CAFV) Eligibility], _xlfn.IFS(G73 = "C",'Datos auxiliares'!$C$4,G73 = "E",'Datos auxiliares'!$C$3,G73 = "N", 'Datos auxiliares'!$C$2)) -> 0 | J73: =I73 / $I$153 -> 0 | K73: =IFERROR(-LOG10(J73) * J73, "No hay Log de 0") -> No hay Log de 0
A74: BMW | B74: Battery Electric Vehicle (BEV) | C74: Eligibility unknown as battery range has not been researched | E74: BMW | F74: P | G74: N | H74: =_xlfn.CONCAT($H$62,E74, _xlfn.CONCAT("-", F74), _xlfn.CONCAT("-", G74)) -> MTE:BMW-P-N | I74: =COUNTIFS( Tabla2[Make], SUBSTITUTE(SUBSTITUTE(SUBSTITUTE(H74,$H$62,""), _xlfn.CONCAT("-", F74), ""), _xlfn.CONCAT("-", G74), ""), Tabla2[Electric Vehicle Type], _xlfn.IFS(F74 = "B",'Datos auxiliares'!$B$2,F74 = "P",'Datos auxiliares'!$B$3), Tabla2[Clean Alternative Fuel Vehicle (CAFV) Eligibility], _xlfn.IFS(G74 = "C",'Datos auxiliares'!$C$4,G74 = "E",'Datos auxiliares'!$C$3,G74 = "N", 'Datos auxiliares'!$C$2)) -> 6 | J74: =I74 / $I$153 -> 0.06 | K74: =IFERROR(-LOG10(J74) * J74, "No hay Log de 0") -> 0.073310925
A75: PORSCHE | B75: Battery Electric Vehicle (BEV) | C75: Clean Alternative Fuel Vehicle Eligible | E75: CADILLAC | F75: B | G75: C | H75: =_xlfn.CONCAT($H$62,E75, _xlfn.CONCAT("-", F75), _xlfn.CONCAT("-", G75)) -> MTE:CADILLAC-B-C | I75: =COUNTIFS( Tabla2[Make], SUBSTITUTE(SUBSTITUTE(SUBSTITUTE(H75,$H$62,""), _xlfn.CONCAT("-", F75), ""), _xlfn.CONCAT("-", G75), ""), Tabla2[Electric Vehicle Type], _xlfn.IFS(F75 = "B",'Datos auxiliares'!$B$2,F75 = "P",'Datos auxiliares'!$B$3), Tabla2[Clean Alternative Fuel Vehicle (CAFV) Eligibility], _xlfn.IFS(G75 = "C",'Datos auxiliares'!$C$4,G75 = "E",'Datos auxiliares'!$C$3,G75 = "N", 'Datos auxiliares'!$C$2)) -> 0 | J75: =I75 / $I$153 -> 0 | K75: =IFERROR(-LOG10(J75) * J75, "No hay Log de 0") -> No hay Log de 0
A76: TESLA | B76: Battery Electric Vehicle (BEV) | C76: Clean Alternative Fuel Vehicle Eligible | E76: CADILLAC | F76: B | G76: E | H76: =_xlfn.CONCAT($H$62,E76, _xlfn.CONCAT("-", F76), _xlfn.CONCAT("-", G76)) -> MTE:CADILLAC-B-E | I76: =COUNTIFS( Tabla2[Make], SUBSTITUTE(SUBSTITUTE(SUBSTITUTE(H76,$H$62,""), _xlfn.CONCAT("-", F76), ""), _xlfn.CONCAT("-", G76), ""), Tabla2[Electric Vehicle Type], _xlfn.IFS(F76 = "B",'Datos auxiliares'!$B$2,F76 = "P",'Datos auxiliares'!$B$3), Tabla2[Clean Alternative Fuel Vehicle (CAFV) Eligibility], _xlfn.IFS(G76 = "C",'Datos auxiliares'!$C$4,G76 = "E",'Datos auxiliares'!$C$3,G76 = "N", 'Datos auxiliares'!$C$2)) -> 0 | J76: =I76 / $I$153 -> 0 | K76: =IFERROR(-LOG10(J76) * J76, "No hay Log de 0") -> No hay Log de 0
... A101: NISSAN | B101: Battery Electric Vehicle (BEV) | C101: Clean Alternative Fuel Vehicle Eligible | E101: HYUNDAI | F101: B | G101: N | H101: =_xlfn.CONCAT($H$62,E101, _xlfn.CONCAT("-", F101), _xlfn.CONCAT("-", G101)) -> MTE:HYUNDAI-B-N | I101: =COUNTIFS( Tabla2[Make], SUBSTITUTE(SUBSTITUTE(SUBSTITUTE(H101,$H$62,""), _xlfn.CONCAT("-", F101), ""), _xlfn.CONCAT("-", G101), ""), Tabla2[Electric Vehicle Type], _xlfn.IFS(F101 = "B",'Datos auxiliares'!$B$2,F101 = "P",'Datos auxiliares'!$B$3), Tabla2[Clean Alternative Fuel Vehicle (CAFV) Eligibility], _xlfn.IFS(G101 = "C",'Datos auxiliares'!$C$4,G101 = "E",'Datos auxiliares'!$C$3,G101 = "N", 'Datos auxiliares'!$C$2)) -> 0 | J101: =I101 / $I$153 -> 0 | K101: =IFERROR(-LOG10(J101) * J101, "No hay Log de 0") -> No hay Log de 0
E102: HYUNDAI | F102: P | G102: C | H102: =_xlfn.CONCAT($H$62,E102, _xlfn.CONCAT("-", F102), _xlfn.CONCAT("-", G102)) -> MTE:HYUNDAI-P-C | I102: =COUNTIFS( Tabla2[Make], SUBSTITUTE(SUBSTITUTE(SUBSTITUTE(H102,$H$62,""), _xlfn.CONCAT("-", F102), ""), _xlfn.CONCAT("-", G102), ""), Tabla2[Electric Vehicle Type], _xlfn.IFS(F102 = "B",'Datos auxiliares'!$B$2,F102 = "P",'Datos auxiliares'!$B$3), Tabla2[Clean Alternative Fuel Vehicle (CAFV) Eligibility], _xlfn.IFS(G102 = "C",'Datos auxiliares'!$C$4,G102 = "E",'Datos auxiliares'!$C$3,G102 = "N", 'Datos auxiliares'!$C$2)) -> 1 | J102: =I102 / $I$153 -> 0.01 | K102: =IFERROR(-LOG10(J102) * J102, "No hay Log de 0") -> 0.02
E103: HYUNDAI | F103: P | G103: E | H103: =_xlfn.CONCAT($H$62,E103, _xlfn.CONCAT("-", F103), _xlfn.CONCAT("-", G103)) -> MTE:HYUNDAI-P-E | I103: =COUNTIFS( Tabla2[Make], SUBSTITUTE(SUBSTITUTE(SUBSTITUTE(H103,$H$62,""), _xlfn.CONCAT("-", F103), ""), _xlfn.CONCAT("-", G103), ""), Tabla2[Electric Vehicle Type], _xlfn.IFS(F103 = "B",'Datos auxiliares'!$B$2,F103 = "P",'Datos auxiliares'!$B$3), Tabla2[Clean Alternative Fuel Vehicle (CAFV) Eligibility], _xlfn.IFS(G103 = "C",'Datos auxiliares'!$C$4,G103 = "E",'Datos auxiliares'!$C$3,G103 = "N", 'Datos auxiliares'!$C$2)) -> 0 | J103: =I103 / $I$153 -> 0 | K103: =IFERROR(-LOG10(J103) * J103, "No hay Log de 0") -> No hay Log de 0
E104: HYUNDAI | F104: P | G104: N | H104: =_xlfn.CONCAT($H$62,E104, _xlfn.CONCAT("-", F104), _xlfn.CONCAT("-", G104)) -> MTE:HYUNDAI-P-N | I104: =COUNTIFS( Tabla2[Make], SUBSTITUTE(SUBSTITUTE(SUBSTITUTE(H104,$H$62,""), _xlfn.CONCAT("-", F104), ""), _xlfn.CONCAT("-", G104), ""), Tabla2[Electric Vehicle Type], _xlfn.IFS(F104 = "B",'Datos auxiliares'!$B$2,F104 = "P",'Datos auxiliares'!$B$3), Tabla2[Clean Alternative Fuel Vehicle (CAFV) Eligibility], _xlfn.IFS(G104 = "C",'Datos auxiliares'!$C$4,G104 = "E",'Datos auxiliares'!$C$3,G104 = "N", 'Datos auxiliares'!$C$2)) -> 0 | J104: =I104 / $I$153 -> 0 | K104: =IFERROR(-LOG10(J104) * J104, "No hay Log de 0") -> No hay Log de 0
E105: JEEP | F105: B | G105: C | H105: =_xlfn.CONCAT($H$62,E105, _xlfn.CONCAT("-", F105), _xlfn.CONCAT("-", G105)) -> MTE:JEEP-B-C | I105: =COUNTIFS( Tabla2[Make], SUBSTITUTE(SUBSTITUTE(SUBSTITUTE(H105,$H$62,""), _xlfn.CONCAT("-", F105), ""), _xlfn.CONCAT("-", G105), ""), Tabla2[Electric Vehicle Type], _xlfn.IFS(F105 = "B",'Datos auxiliares'!$B$2,F105 = "P",'Datos auxiliares'!$B$3), Tabla2[Clean Alternative Fuel Vehicle (CAFV) Eligibility], _xlfn.IFS(G105 = "C",'Datos auxiliares'!$C$4,G105 = "E",'Datos auxiliares'!$C$3,G105 = "N", 'Datos auxiliares'!$C$2)) -> 0 | J105: =I105 / $I$153 -> 0 | K105: =IFERROR(-LOG10(J105) * J105, "No hay Log de 0") -> No hay Log de 0
E106: JEEP | F106: B | G106: E | H106: =_xlfn.CONCAT($H$62,E106, _xlfn.CONCAT("-", F106), _xlfn.CONCAT("-", G106)) -> MTE:JEEP-B-E | I106: =COUNTIFS( Tabla2[Make], SUBSTITUTE(SUBSTITUTE(SUBSTITUTE(H106,$H$62,""), _xlfn.CONCAT("-", F106), ""), _xlfn.CONCAT("-", G106), ""), Tabla2[Electric Vehicle Type], _xlfn.IFS(F106 = "B",'Datos auxiliares'!$B$2,F106 = "P",'Datos auxiliares'!$B$3), Tabla2[Clean Alternative Fuel Vehicle (CAFV) Eligibility], _xlfn.IFS(G106 = "C",'Datos auxiliares'!$C$4,G106 = "E",'Datos auxiliares'!$C$3,G106 = "N", 'Datos auxiliares'!$C$2)) -> 0 | J106: =I106 / $I$153 -> 0 | K106: =IFERROR(-LOG10(J106) * J106, "No hay Log de 0") -> No hay Log de 0
E107: JEEP | F107: B | G107: N | H107: =_xlfn.CONCAT($H$62,E107, _xlfn.CONCAT("-", F107), _xlfn.CONCAT("-", G107)) -> MTE:JEEP-B-N | I107: =COUNTIFS( Tabla2[Make], SUBSTITUTE(SUBSTITUTE(SUBSTITUTE(H107,$H$62,""), _xlfn.CONCAT("-", F107), ""), _xlfn.CONCAT("-", G107), ""), Tabla2[Electric Vehicle Type], _xlfn.IFS(F107 = "B",'Datos auxiliares'!$B$2,F107 = "P",'Datos auxiliares'!$B$3), Tabla2[Clean Alternative Fuel Vehicle (CAFV) Eligibility], _xlfn.IFS(G107 = "C",'Datos auxiliares'!$C$4,G107 = "E",'Datos auxiliares'!$C$3,G107 = "N", 'Datos auxiliares'!$C$2)) -> 0 | J107: =I107 / $I$153 -> 0 | K107: =IFERROR(-LOG10(J107) * J107, "No hay Log de 0") -> No hay Log de 0
E108: JEEP | F108: P | G108: C | H108: =_xlfn.CONCAT($H$62,E108, _xlfn.CONCAT("-", F108), _xlfn.CONCAT("-", G108)) -> MTE:JEEP-P-C | I108: =COUNTIFS( Tabla2[Make], SUBSTITUTE(SUBSTITUTE(SUBSTITUTE(H108,$H$62,""), _xlfn.CONCAT("-", F108), ""), _xlfn.CONCAT("-", G108), ""), Tabla2[Electric Vehicle Type], _xlfn.IFS(F108 = "B",'Datos auxiliares'!$B$2,F108 = "P",'Datos auxiliares'!$B$3), Tabla2[Clean Alternative Fuel Vehicle (CAFV) Eligibility], _xlfn.IFS(G108 = "C",'Datos auxiliares'!$C$4,G108 = "E",'Datos auxiliares'!$C$3,G108 = "N", 'Datos auxiliares'!$C$2)) -> 0 | J108: =I108 / $I$153 -> 0 | K108: =IFERROR(-LOG10(J108) * J108, "No hay Log de 0") -> No hay Log de 0
E109: JEEP | F109: P | G109: E | H109: =_xlfn.CONCAT($H$62,E109, _xlfn.CONCAT("-", F109), _xlfn.CONCAT("-", G109)) -> MTE:JEEP-P-E | I109: =COUNTIFS( Tabla2[Make], SUBSTITUTE(SUBSTITUTE(SUBSTITUTE(H109,$H$62,""), _xlfn.CONCAT("-", F109), ""), _xlfn.CONCAT("-", G109), ""), Tabla2[Electric Vehicle Type], _xlfn.IFS(F109 = "B",'Datos auxiliares'!$B$2,F109 = "P",'Datos auxiliares'!$B$3), Tabla2[Clean Alternative Fuel Vehicle (CAFV) Eligibility], _xlfn.IFS(G109 = "C",'Datos auxiliares'!$C$4,G109 = "E",'Datos auxiliares'!$C$3,G109 = "N", 'Datos auxiliares'!$C$2)) -> 0 | J109: =I109 / $I$153 -> 0 | K109: =IFERROR(-LOG10(J109) * J109, "No hay Log de 0") -> No hay Log de 0
E110: JEEP | F110: P | G110: N | H110: =_xlfn.CONCAT($H$62,E110, _xlfn.CONCAT("-", F110), _xlfn.CONCAT("-", G110)) -> MTE:JEEP-P-N | I110: =COUNTIFS( Tabla2[Make], SUBSTITUTE(SUBSTITUTE(SUBSTITUTE(H110,$H$62,""), _xlfn.CONCAT("-", F110), ""), _xlfn.CONCAT("-", G110), ""), Tabla2[Electric Vehicle Type], _xlfn.IFS(F110 = "B",'Datos auxiliares'!$B$2,F110 = "P",'Datos auxiliares'!$B$3), Tabla2[Clean Alternative Fuel Vehicle (CAFV) Eligibility], _xlfn.IFS(G110 = "C",'Datos auxiliares'!$C$4,G110 = "E",'Datos auxiliares'!$C$3,G110 = "N", 'Datos auxiliares'!$C$2)) -> 4 | J110: =I110 / $I$153 -> 0.04 | K110: =IFERROR(-LOG10(J110) * J110, "No hay Log de 0") -> 0.0559176
E111: KIA | F111: B | G111: C | H111: =_xlfn.CONCAT($H$62,E111, _xlfn.CONCAT("-", F111), _xlfn.CONCAT("-", G111)) -> MTE:KIA-B-C | I111: =COUNTIFS( Tabla2[Make], SUBSTITUTE(SUBSTITUTE(SUBSTITUTE(H111,$H$62,""), _xlfn.CONCAT("-", F111), ""), _xlfn.CONCAT("-", G111), ""), Tabla2[Electric Vehicle Type], _xlfn.IFS(F111 = "B",'Datos auxiliares'!$B$2,F111 = "P",'Datos auxiliares'!$B$3), Tabla2[Clean Alternative Fuel Vehicle (CAFV) Eligibility], _xlfn.IFS(G111 = "C",'Datos auxiliares'!$C$4,G111 = "E",'Datos auxiliares'!$C$3,G111 = "N", 'Datos auxiliares'!$C$2)) -> 7 | J111: =I111 / $I$153 -> 0.07 | K111: =IFERROR(-LOG10(J111) * J111, "No hay Log de 0") -> 0.080843137
E112: KIA | F112: B | G112: E | H112: =_xlfn.CONCAT($H$62,E112, _xlfn.CONCAT("-", F112), _xlfn.CONCAT("-", G112)) -> MTE:KIA-B-E | I112: =COUNTIFS( Tabla2[Make], SUBSTITUTE(SUBSTITUTE(SUBSTITUTE(H112,$H$62,""), _xlfn.CONCAT("-", F112), ""), _xlfn.CONCAT("-", G112), ""), Tabla2[Electric Vehicle Type], _xlfn.IFS(F112 = "B",'Datos auxiliares'!$B$2,F112 = "P",'Datos auxiliares'!$B$3), Tabla2[Clean Alternative Fuel Vehicle (CAFV) Eligibility], _xlfn.IFS(G112 = "C",'Datos auxiliares'!$C$4,G112 = "E",'Datos auxiliares'!$C$3,G112 = "N", 'Datos auxiliares'!$C$2)) -> 0 | J112: =I112 / $I$153 -> 0 | K112: =IFERROR(-LOG10(J112) * J112, "No hay Log de 0") -> No hay Log de 0
E113: KIA | F113: B | G113: N | H113: =_xlfn.CONCAT($H$62,E113, _xlfn.CONCAT("-", F113), _xlfn.CONCAT("-", G113)) -> MTE:KIA-B-N | I113: =COUNTIFS( Tabla2[Make], SUBSTITUTE(SUBSTITUTE(SUBSTITUTE(H113,$H$62,""), _xlfn.CONCAT("-", F113), ""), _xlfn.CONCAT("-", G113), ""), Tabla2[Electric Vehicle Type], _xlfn.IFS(F113 = "B",'Datos auxiliares'!$B$2,F113 = "P",'Datos auxiliares'!$B$3), Tabla2[Clean Alternative Fuel Vehicle (CAFV) Eligibility], _xlfn.IFS(G113 = "C",'Datos auxiliares'!$C$4,G113 = "E",'Datos auxiliares'!$C$3,G113 = "N", 'Datos auxiliares'!$C$2)) -> 0 | J113: =I113 / $I$153 -> 0 | K113: =IFERROR(-LOG10(J113) * J113, "No hay Log de 0") -> No hay Log de 0
... E152: VOLVO | F152: P | G152: N | H152: =_xlfn.CONCAT($H$62,E152, _xlfn.CONCAT("-", F152), _xlfn.CONCAT("-", G152)) -> MTE:VOLVO-P-N | I152: =COUNTIFS( Tabla2[Make], SUBSTITUTE(SUBSTITUTE(SUBSTITUTE(H152,$H$62,""), _xlfn.CONCAT("-", F152), ""), _xlfn.CONCAT("-", G152), ""), Tabla2[Electric Vehicle Type], _xlfn.IFS(F152 = "B",'Datos auxiliares'!$B$2,F152 = "P",'Datos auxiliares'!$B$3), Tabla2[Clean Alternative Fuel Vehicle (CAFV) Eligibility], _xlfn.IFS(G152 = "C",'Datos auxiliares'!$C$4,G152 = "E",'Datos auxiliares'!$C$3,G152 = "N", 'Datos auxiliares'!$C$2)) -> 3 | J152: =I152 / $I$153 -> 0.03 | K152: =IFERROR(-LOG10(J152) * J152, "No hay Log de 0") -> 0.045686362
I153: =SUM(I63:I152) -> 100 | J153: =SUM(J63:J152) -> 1 | K153: =SUM(K30:K152) -> 2.310907

Sheet Datos auxiliares
A1: Modelos de coche | B1: Tipo de vehículo | C1: Elegibilidad | D1: Quitar letras
A2: AUDI | B2: Battery Electric Vehicle (BEV) | C2: Not eligible due to low battery range | D2: =SUBSTITUTE(SUBSTITUTE(SUBSTITUTE(SUBSTITUTE(SUBSTITUTE(SUBSTITUTE(SUBSTITUTE(SUBSTITUTE(SUBSTITUTE(SUBSTITUTE(SUBSTITUTE(SUBSTITUTE(SUBSTITUTE(SUBSTITUTE(SUBSTITUTE(A2,"AUDI", ""), "BMW", ""),"CADILLAC", ""), "CHEVROLET", ""), "FIAT", ""), "FORD", ""), "HYUNDAI", ""), "JEEP", ""), "KIA", ""), "NISSAN", ""), "POLESTAR", ""), "PORSCHE", ""),"TESLA", ""), "VOLKSWAGEN", ""),"VOLVO", "")
A3: BMW | B3: Plug-in Hybrid Electric Vehicle (PHEV) | C3: Eligibility unknown as battery range has not been researched | D3: =SUBSTITUTE(SUBSTITUTE(SUBSTITUTE(SUBSTITUTE(SUBSTITUTE(SUBSTITUTE(SUBSTITUTE(SUBSTITUTE(SUBSTITUTE(SUBSTITUTE(SUBSTITUTE(SUBSTITUTE(SUBSTITUTE(SUBSTITUTE(SUBSTITUTE(A3,"AUDI", ""), "BMW", ""),"CADILLAC", ""), "CHEVROLET", ""), "FIAT", ""), "FORD", ""), "HYUNDAI", ""), "JEEP", ""), "KIA", ""), "NISSAN", ""), "POLESTAR", ""), "PORSCHE", ""),"TESLA", ""), "VOLKSWAGEN", ""),"VOLVO", "")
A4: CADILLAC | C4: Clean Alternative Fuel Vehicle Eligible | D4: =SUBSTITUTE(SUBSTITUTE(SUBSTITUTE(SUBSTITUTE(SUBSTITUTE(SUBSTITUTE(SUBSTITUTE(SUBSTITUTE(SUBSTITUTE(SUBSTITUTE(SUBSTITUTE(SUBSTITUTE(SUBSTITUTE(SUBSTITUTE(SUBSTITUTE(A4,"AUDI", ""), "BMW", ""),"CADILLAC", ""), "CHEVROLET", ""), "FIAT", ""), "FORD", ""), "HYUNDAI", ""), "JEEP", ""), "KIA", ""), "NISSAN", ""), "POLESTAR", ""), "PORSCHE", ""),"TESLA", ""), "VOLKSWAGEN", ""),"VOLVO", "")
A5: CHEVROLET | D5: =SUBSTITUTE(SUBSTITUTE(SUBSTITUTE(SUBSTITUTE(SUBSTITUTE(SUBSTITUTE(SUBSTITUTE(SUBSTITUTE(SUBSTITUTE(SUBSTITUTE(SUBSTITUTE(SUBSTITUTE(SUBSTITUTE(SUBSTITUTE(SUBSTITUTE(A5,"AUDI", ""), "BMW", ""),"CADILLAC", ""), "CHEVROLET", ""), "FIAT", ""), "FORD", ""), "HYUNDAI", ""), "JEEP", ""), "KIA", ""), "NISSAN", ""), "POLESTAR", ""), "PORSCHE", ""),"TESLA", ""), "VOLKSWAGEN", ""),"VOLVO", "")
A6: FIAT | D6: =SUBSTITUTE(SUBSTITUTE(SUBSTITUTE(SUBSTITUTE(SUBSTITUTE(SUBSTITUTE(SUBSTITUTE(SUBSTITUTE(SUBSTITUTE(SUBSTITUTE(SUBSTITUTE(SUBSTITUTE(SUBSTITUTE(SUBSTITUTE(SUBSTITUTE(A6,"AUDI", ""), "BMW", ""),"CADILLAC", ""), "CHEVROLET", ""), "FIAT", ""), "FORD", ""), "HYUNDAI", ""), "JEEP", ""), "KIA", ""), "NISSAN", ""), "POLESTAR", ""), "PORSCHE", ""),"TESLA", ""), "VOLKSWAGEN", ""),"VOLVO", "")
A7: FORD | D7: =SUBSTITUTE(SUBSTITUTE(SUBSTITUTE(SUBSTITUTE(SUBSTITUTE(SUBSTITUTE(SUBSTITUTE(SUBSTITUTE(SUBSTITUTE(SUBSTITUTE(SUBSTITUTE(SUBSTITUTE(SUBSTITUTE(SUBSTITUTE(SUBSTITUTE(A7,"AUDI", ""), "BMW", ""),"CADILLAC", ""), "CHEVROLET", ""), "FIAT", ""), "FORD", ""), "HYUNDAI", ""), "JEEP", ""), "KIA", ""), "NISSAN", ""), "POLESTAR", ""), "PORSCHE", ""),"TESLA", ""), "VOLKSWAGEN", ""),"VOLVO", "")
A8: HYUNDAI | D8: =SUBSTITUTE(SUBSTITUTE(SUBSTITUTE(SUBSTITUTE(SUBSTITUTE(SUBSTITUTE(SUBSTITUTE(SUBSTITUTE(SUBSTITUTE(SUBSTITUTE(SUBSTITUTE(SUBSTITUTE(SUBSTITUTE(SUBSTITUTE(SUBSTITUTE(A8,"AUDI", ""), "BMW", ""),"CADILLAC", ""), "CHEVROLET", ""), "FIAT", ""), "FORD", ""), "HYUNDAI", ""), "JEEP", ""), "KIA", ""), "NISSAN", ""), "POLESTAR", ""), "PORSCHE", ""),"TESLA", ""), "VOLKSWAGEN", ""),"VOLVO", "")
A9: JEEP | D9: =SUBSTITUTE(SUBSTITUTE(SUBSTITUTE(SUBSTITUTE(SUBSTITUTE(SUBSTITUTE(SUBSTITUTE(SUBSTITUTE(SUBSTITUTE(SUBSTITUTE(SUBSTITUTE(SUBSTITUTE(SUBSTITUTE(SUBSTITUTE(SUBSTITUTE(A9,"AUDI", ""), "BMW", ""),"CADILLAC", ""), "CHEVROLET", ""), "FIAT", ""), "FORD", ""), "HYUNDAI", ""), "JEEP", ""), "KIA", ""), "NISSAN", ""), "POLESTAR", ""), "PORSCHE", ""),"TESLA", ""), "VOLKSWAGEN", ""),"VOLVO", "")
A10: KIA | D10: =SUBSTITUTE(SUBSTITUTE(SUBSTITUTE(SUBSTITUTE(SUBSTITUTE(SUBSTITUTE(SUBSTITUTE(SUBSTITUTE(SUBSTITUTE(SUBSTITUTE(SUBSTITUTE(SUBSTITUTE(SUBSTITUTE(SUBSTITUTE(SUBSTITUTE(A10,"AUDI", ""), "BMW", ""),"CADILLAC", ""), "CHEVROLET", ""), "FIAT", ""), "FORD", ""), "HYUNDAI", ""), "JEEP", ""), "KIA", ""), "NISSAN", ""), "POLESTAR", ""), "PORSCHE", ""),"TESLA", ""), "VOLKSWAGEN", ""),"VOLVO", "")
A11: NISSAN | D11: =SUBSTITUTE(SUBSTITUTE(SUBSTITUTE(SUBSTITUTE(SUBSTITUTE(SUBSTITUTE(SUBSTITUTE(SUBSTITUTE(SUBSTITUTE(SUBSTITUTE(SUBSTITUTE(SUBSTITUTE(SUBSTITUTE(SUBSTITUTE(SUBSTITUTE(A11,"AUDI", ""), "BMW", ""),"CADILLAC", ""), "CHEVROLET", ""), "FIAT", ""), "FORD", ""), "HYUNDAI", ""), "JEEP", ""), "KIA", ""), "NISSAN", ""), "POLESTAR", ""), "PORSCHE", ""),"TESLA", ""), "VOLKSWAGEN", ""),"VOLVO", "")
A12: POLESTAR | D12: =SUBSTITUTE(SUBSTITUTE(SUBSTITUTE(SUBSTITUTE(SUBSTITUTE(SUBSTITUTE(SUBSTITUTE(SUBSTITUTE(SUBSTITUTE(SUBSTITUTE(SUBSTITUTE(SUBSTITUTE(SUBSTITUTE(SUBSTITUTE(SUBSTITUTE(A12,"AUDI", ""), "BMW", ""),"CADILLAC", ""), "CHEVROLET", ""), "FIAT", ""), "FORD", ""), "HYUNDAI", ""), "JEEP", ""), "KIA", ""), "NISSAN", ""), "POLESTAR", ""), "PORSCHE", ""),"TESLA", ""), "VOLKSWAGEN", ""),"VOLVO", "")
A13: PORSCHE | D13: =SUBSTITUTE(SUBSTITUTE(SUBSTITUTE(SUBSTITUTE(SUBSTITUTE(SUBSTITUTE(SUBSTITUTE(SUBSTITUTE(SUBSTITUTE(SUBSTITUTE(SUBSTITUTE(SUBSTITUTE(SUBSTITUTE(SUBSTITUTE(SUBSTITUTE(A13,"AUDI", ""), "BMW", ""),"CADILLAC", ""), "CHEVROLET", ""), "FIAT", ""), "FORD", ""), "HYUNDAI", ""), "JEEP", ""), "KIA", ""), "NISSAN", ""), "POLESTAR", ""), "PORSCHE", ""),"TESLA", ""), "VOLKSWAGEN", ""),"VOLVO", "")
A14: TESLA | D14: =SUBSTITUTE(SUBSTITUTE(SUBSTITUTE(SUBSTITUTE(SUBSTITUTE(SUBSTITUTE(SUBSTITUTE(SUBSTITUTE(SUBSTITUTE(SUBSTITUTE(SUBSTITUTE(SUBSTITUTE(SUBSTITUTE(SUBSTITUTE(SUBSTITUTE(A14,"AUDI", ""), "BMW", ""),"CADILLAC", ""), "CHEVROLET", ""), "FIAT", ""), "FORD", ""), "HYUNDAI", ""), "JEEP", ""), "KIA", ""), "NISSAN", ""), "POLESTAR", ""), "PORSCHE", ""),"TESLA", ""), "VOLKSWAGEN", ""),"VOLVO", "")
A15: VOLKSWAGEN | D15: =SUBSTITUTE(SUBSTITUTE(SUBSTITUTE(SUBSTITUTE(SUBSTITUTE(SUBSTITUTE(SUBSTITUTE(SUBSTITUTE(SUBSTITUTE(SUBSTITUTE(SUBSTITUTE(SUBSTITUTE(SUBSTITUTE(SUBSTITUTE(SUBSTITUTE(A15,"AUDI", ""), "BMW", ""),"CADILLAC", ""), "CHEVROLET", ""), "FIAT", ""), "FORD", ""), "HYUNDAI", ""), "JEEP", ""), "KIA", ""), "NISSAN", ""), "POLESTAR", ""), "PORSCHE", ""),"TESLA", ""), "VOLKSWAGEN", ""),"VOLVO", "")
A16: VOLVO | D16: =SUBSTITUTE(SUBSTITUTE(SUBSTITUTE(SUBSTITUTE(SUBSTITUTE(SUBSTITUTE(SUBSTITUTE(SUBSTITUTE(SUBSTITUTE(SUBSTITUTE(SUBSTITUTE(SUBSTITUTE(SUBSTITUTE(SUBSTITUTE(SUBSTITUTE(A16,"AUDI", ""), "BMW", ""),"CADILLAC", ""), "CHEVROLET", ""), "FIAT", ""), "FORD", ""), "HYUNDAI", ""), "JEEP", ""), "KIA", ""), "NISSAN", ""), "POLESTAR", ""), "PORSCHE", ""),"TESLA", ""), "VOLKSWAGEN", ""),"VOLVO", "")
